Collen,Kloberdanz,380987637452,
Jerilyn,Nicolo,380296758502,
Contessa,Tostado,380961324328,
Felton,Frisk,380449537679,
Tina,Frantum,380912550657,
Stanford,Mielcarek,380319405649,
Danna,Tewell,380159384633,
Dominick,Savo,380828497986,
Lowell,Shorthair,380893326082,
Steven,Nordmann,380519119740,
Lovie,Grahovac,380938084797,
Cristine,Weddle,380932607266,
Lenore,Sokorai,380251875073,
Hershel,Blonsky,380437703147,
Jina,Lundemo,380311997462,
Almeta,Beckel,380322059155,
Damien,Baronne,380918952706,
Keven,Quesnell,380357083826,
Twyla,Juarbe,380371238212,
Twyla,Brochure,380265622406,
Frankie,Contini,380459190720,
Trula,Bievenue,380909469528,
Gerardo,Gilhooly,380393196792,
Gwyn,Scroggs,380466817425,
Roman,Stankovich,380297506949,
Hilda,Torgersen,380681399499,
Ismael,Hidden,380285139709,
Victorina,Pillette,380961602545,
Herlinda,Remmele,380243784212,
Golda,Schwien,380185716504,
Inez,Cudworth,380616831635,
Angle,Mogollon,380666715982,
Remedios,Mysliwiec,380532625246,
Lorna,Hollinrake,380619756104,
Todd,Stodolski,380158090438,
Kirstie,Felch,380633478959,
Darron,Lambertson,380744541918,
Milda,Helwick,380183300192,
Delsie,Cornelia,380452234285,
Natalya,Gandhi,380514285383,
Dario,Peeks,380197938004,
Chauncey,Hartson,380743193178,
Annie,Trynowski,380542462438,
Beata,Mangine,380685792116,
Kimiko,Askiew,380711465933,
Alberto,Corl,380653222756,
Seema,Ornstein,380568391212,
Tana,Schaumburg,380544088381,
Cassandra,Heuvelmann,380742574466,
Jesse,Hasegawa,380231173012,
